NUMBER	ENGLISH	CHINESE	CONCEPTICON_ID	CONCEPTICON_GLOSS	POS
*mo²	sky	天 (天空)	1732	SKY	noun
*mo² (ʔ)-ne¹	sun	太阳	1343	SUN	noun
*tsa¹ & *pu¹	sunshine	阳光	3276	SUNSHINE	noun
*bəla³	moon	月亮	1313	MOON	noun
*C-gray¹	star	星星	1430	STAR	noun
*mo¹ C-dim¹	cloud	云	1489	CLOUD	noun
*le¹	wind	风	960	WIND	noun
*r-ywa/we¹	rain	雨	658	RAIN (PRECIPITATION)	noun
*b-lyapL	lightning	闪电	1654	LIGHTNING	noun
*ɡyan² & *ɡro²	thunder	雷	1150	THUNDER	noun
*ʃi³	rainbow	彩虹	1733	RAINBOW	noun
*wa²	snow	雪	784	SNOW	noun
*re¹ ʔ-ɡrakH & *laŋ¹	water	水	948	WATER	noun
	fog	雾	249	FOG	noun
	frost	霜	2034	FROST	noun
	dew	露	1977	DEW	noun
*wa²	hail	雹 (雹暴)	609	HAIL	noun
*ʔ-mre¹ tsa²	earth	地 (大地/草地)	1228	EARTH (SOIL)	noun
	soil; dirt	土(干) (土壤)	1015	SOIL	verb
*(m)-catH/L & *ʔputL/poŋ²	mud	泥(巴)	640	MUD	noun
*laŋ¹	river	河	666	RIVER	noun
	ditch	沟	2002	DITCH	noun
	pond	池塘	2035	POND	noun
	puddle	小池塘	2290	PUDDLE	noun
	well inside	井	954	WELL	noun
*kaŋ¹	mountain (dirt)	山(土山)	639	MOUNTAIN	noun
*ʔ-rakᶫ, C-rakL	cliff	悬崖	992	CLIFF	noun
*C-kyoŋ¹, laŋ¹	valley	(山)谷	921	VALLEY	noun
	cave	(山)洞	1155	CAVE	noun
	hole (in ground)	洞	1667	HOLE	noun
*s-rwe¹ & *[kam]	gold	金	1369	GOLD	noun
*plu¹ & *C-ŋwe¹	silver	银	759	SILVER	noun
*xam¹	iron (ore)	铁	621	IRON	noun
	tin	锡	893	TIN (METAL)	noun
	coal	煤	2658	COAL	noun
*k-lokL & *C-rakL	stone	石头	857	STONE	noun
*say²	sand	沙	671	SAND	noun
*C-mi²	fire	火	221	FIRE	noun
*ʔ-lam¹	flame	火焰	889	FLAME	noun
*ko²	smoke	烟 (炊烟)	778	SMOKE (EXHAUST)	noun
*ʔ-rakL	night	夜	1233	NIGHT	noun
*(ʔ)ne³	day	天	1225	DAY (NOT NIGHT)	noun
*yakL (ʔ)ne³	today	今天	1283	TODAY	other
*yakL (ʔ)ne³	today	今天	1283	TODAY	other
*yakL (ʔ)ne³	today	今天	1283	TODAY	other
*ʔəmi¹	yesterday	昨天	1174	YESTERDAY	other
*ʔəʃikH	day before yesterday	前天	1180	DAY BEFORE YESTERDAY	other
	three days ago	大前天	2333	THREE DAYS BEFORE NOW	other
	four days ago	四天前	3278	FOUR DAYS BEFORE NOW	other
*ʔ-praŋ²	tomorrow	明天	1329	TOMORROW	other
*pakH	day after tomorrow	后天	1179	DAY AFTER TOMORROW	other
*pin²	three days from now	大后天	2332	THREE DAYS FROM NOW	other
	four days from now	四天后	3277	FOUR DAYS FROM NOW	other
*s-nikH & *C-kokL	year	年	1226	YEAR	noun
	new year	新年	2188	NEW YEAR'S EVE	noun
	this year	今年	513	THIS YEAR	other
	last year	去年	514	LAST YEAR	other
	year before last	前年	2331	YEAR BEFORE LAST YEAR	other
	three years ago	大前年			
	four years ago	四年前			
	next year	明年	515	NEXT YEAR	other
	year after next	后年	2330	YEAR AFTER NEXT YEAR	other
	three years from now	大后年			
	three years from now	大后年			
	four years from now	四年后			
	daytime	白天	1225	DAY (NOT NIGHT)	noun
*C-nakL	dawn	黎明	729	DAWN	noun
*ʃaw²	morning (early)	早晨	1339	MORNING	noun
	noon	中午	12	MIDDAY	noun
*(C)-kutL/H, ʔkʷutᶫ	afternoon	下午	1807	AFTERNOON	noun
*(C)-kutL/H, ʔkʷutᶫ	dusk/evening	黄昏	1629	EVENING	noun
	night(time)	夜(里)/黑夜	1233	NIGHT	noun
*ʔ-kutL	this evening	今晚			
	this morning	今早	1339	MORNING	noun
*[jam]	time	时间	892	TIME	noun
*nwa²	cow	牛	1007	COW	noun
*o² & *ŋya²	buffalo (water)	水牛	2516	WATER BUFFALO	noun
*ʔ-myaŋ¹ & *nwa²	field cow	黄牛	1153	CATTLE	noun
*mraŋ¹	horse	马	615	HORSE	noun
*wakL	pig	猪	1337	PIG	noun
	sow	母猪	1351	SOW (FEMALE PIG)	noun
	piglet	小猪	2564	PIGLET	noun
	boar	公猪	1348	BOAR (MALE PIG)	noun
	boar	公猪	1348	BOAR (MALE PIG)	noun
	boar (wild)	野猪	3154	WILD BOAR	noun
*(k)-citL	goat	山羊	1502	GOAT	noun
	ram	公羊	1344	RAM	noun
*ʒo¹	sheep	绵羊	1331	SHEEP	noun
*kwe²	dog	狗	2009	DOG	noun
*ni¹ & *mi¹	cat	猫	1208	CAT	noun
*taŋ² loŋ²/¹	rabbit	兔子	1136	RABBIT	noun
	dragon	龙	2038	DRAGON	noun
*zaŋ/zaw/zan²	animal	动物	619	ANIMAL	noun
	wild animal	野兽	958	WILD ANIMAL	noun
*k-d-wam¹	bear	熊	1820	BEAR	noun
*k-la²	tiger	老虎	846	TIGER	noun
*k-zikL	leopard; panther	豹	1139	LEOPARD	noun
	wolf	狼	522	WOLF	noun
*myokL	monkey	猴子	1350	MONKEY	noun
*ʃ-/ʔp-yam¹	otter	水獭	15	OTTER	noun
	weasel	黄鼠狼	3384	WEASEL	noun
*krapH	pangolin	穿山甲	2508	PANGOLIN	noun
*kye¹	muntjak deer	麂子／赤鹿	3152	MUNTJACS	noun
*(k)-tsatL	sambar deer	水鹿/黑鹿			
*ʔ-plu²	porcupine	豪猪/箭猪	2510	PORCUPINE	noun
*(k)-rwakH	rat; mouse	老鼠	2139	MUROID (MOUSE OR RAT)	noun
*tokH	squirrel	松鼠	1628	SQUIRREL	noun
*k-rakH	chicken	鸡	1318	CHICKEN	noun
*po¹	rooster	公鸡	1511	ROOSTER	noun
	hen	母鸡	1514	HEN	noun
*ʔ-bay² & *ɡapL	duck	鸭子	1360	DUCK	noun
	goose	鹅	1187	GOOSE	noun
*s-ŋyakH	bird	鸟	937	BIRD	noun
	swallow	燕子	897	SWALLOW	verb
*m-ja¹	sparrow	麻雀	1854	SPARROW	noun
*akL/a³	crow	乌鸦	913	CROW	noun
	magpie	喜鹊	2039	MAGPIE	noun
*k-ʔ-ko² & *k-m-ɡu²	dove; pigeon	鸽	1853	DOVE	noun
	pheasant	野鸟/野鸡	3060	PHEASANT	noun
*[k]-dzwan¹	eagle; hawk	老鹰	2683	EAGLE OR HAWK	noun
	owl	猫头鹰	735	OWL	noun
*bo¹ no/na³/²	bat	蝙蝠	1793	BAT	noun
*k-ʔ-pa²	frog	青蛙	503	FROG	noun
*ʔ-brut	toad	癞蛤蟆	894	TOAD	noun
*ŋa²	fish	鱼	227	FISH	noun
*m-rwe¹ & *laŋ¹	snake	蛇	730	SNAKE	noun
	lizard	蜥蜴／壁虎	632	LIZARD	noun
*k-rwatL	leech	蚂蟥/水蛭	2273	LEECH	noun
*baŋ³ & m-ɡu¹/m-ɡa²	spider	蜘蛛	843	SPIDER	noun
*bi/bo²	insect	昆虫	620	INSECT	noun
*p-rwakH	ant	蚂蚁	587	ANT	noun
*k-ru²	termite	白蚁	883	TERMITE	noun
	mantis	螳螂	3279	MANTIS	noun
*ʔ-pi/ʔ-pya³	roach	蟑螂	1575	COCKROACH	noun
*C-brutL	fly	苍蝇	1441	FLY (MOVE THROUGH AIR)	verb
*bya²	honeybee	蜜蜂	665	BEE	noun
	wasp	黄蜂	1517	WASP	noun
	mosquito	蚊子	1509	MOSQUITO	noun
	dragonfly	蜻蜓	2352	DRAGONFLY	noun
*C-lu³	butterfly	蝴蝶	1791	BUTTERFLY	noun
	cricket	蟋蟀	2354	CRICKET	noun
	grasshopper	蚱蜢	607	GRASSHOPPER	noun
	flea	跳蚤	232	FLEA	noun
*xan¹	louse (clothing)	虱子(衣上)	1392	LOUSE	noun
	centipede	蜈蚣	1974	CENTIPEDE	noun
*bu¹/² di¹	earthworm	蚯蚓	2350	EARTHWORM	noun
*bu¹/² di¹	worm	虫	1219	WORM	noun
	caterpillar	毛虫	2247	CATERPILLAR	noun
	maggot	蛆/蛆虫	2640	LARVA	noun
	nest	窝 (鸟窝)	539	NEST	noun
*u³	egg	蛋	744	EGG	noun
*doŋ¹	wing	翅膀	1257	WING	noun
	claw; talon	爪	72	CLAW	noun
	hoof	蹄	152	HOOF	noun
*kro¹	horn	角	1393	HORN (ANATOMY)	noun
*daŋ¹ ʔ-mri²	tail	尾巴	1220	TAIL	noun
*ʔ-cway¹	tusk	长牙	3280	TUSK	noun
	(cocks)comb	冠（鸡冠）	188	COMB OF BIRD	noun
*sikH & *baŋ² & *dzin¹	tree	树	906	TREE	noun
*C-gripL & *taŋ² & *ʔ-maŋ² & *jun³	pine tree	松树	1740	PINE	noun
	fir tree	杉树	1915	FIR	noun
	willow tree	柳树	818	WILLOW	noun
*wa² & *ma¹	bamboo	竹子	1927	BAMBOO	noun
*s-myetL/H	bamboo shoot	竹笋	2494	BAMBOO SHOOT	noun
ʃa³	wheat	小麦	1077	WHEAT	noun
	buckwheat	荞麦/荞子	2040	BUCKWHEAT	noun
	millet	稷	931	MILLET	noun
zi¹	barley	大麦	932	BARLEY	noun
	sorghum	高粱	347	SORGHUM	noun
	job's tears	薏苡	3281	JOB'S TEARS	noun
*ʃa¹ & *C-kokL	corn	玉米	506	MAIZE	noun
	ear of grain	穗子	3244	EAR (OF GRAIN)	noun
	peanut	花生	2364	PEANUT	noun
	walnut	核桃	2042	WALNUT	noun
	cotton	棉花	1850	COTTON	noun
	ramie	苎麻	3063	RAMIE	noun
*s-nokH  & *ʔ-bay²/atH	bean	豆子	832	BEAN	noun
*pe²/³	melon	瓜	507	MELON	noun
*pe²/³	melon	瓜	507	MELON	noun
*(ʔə)-pu²	gourd	葫芦	411	GOURD	noun
	cucumber	黄瓜	496	CUCUMBER	noun
	eggplant	茄子	1146	AUBERGINE	noun
	vegetable	蔬菜	924	VEGETABLES	noun
*Craŋ²	cabbage greens	青菜	774	CABBAGE	noun
	radish	萝卜	2365	RADISH	noun
*swan¹/²	garlic	蒜	2368	GARLIC	noun
	ginger	姜	2500	GINGER	noun
	galangal	高良姜 (山奈)			
*C-patL/pi²	chili pepper	辣椒	919	CHILI PEPPER	noun
*si²	fruit	水果	1507	FRUIT	noun
	peach	桃子	2043	PEACH	noun
	persimmon	柿子	2044	PERSIMMON	noun
*b(y)aw² & *s-ŋakH	banana	香蕉	868	BANANA	noun
*ʔ-mun¹	taro	芋头	351	TARO	noun
*[ja˧] & *C-ʃukL	tobacco	烟/烟草	974	TOBACCO	noun
*(C)-mrukL	grass	草	606	GRASS	noun
*ze²	thatch (cogon grass)	茅草	279	THATCH	noun
	reed	芦苇	659	REED	noun
*s-mo¹	mushroom	菌子	641	MUSHROOM	noun
*yo² & *je³	seed	种子	714	SEED	noun
*m-je¹/m-ge³ & *mlik/g-likL	root	根	670	ROOT	noun
	stem; stalk	茎	2628	PLANT STEM	noun
*C-pakL	leaf	叶子	628	LEAF	noun
	sprout; bud	芽(种子芽)	3358	SPROUT (SHOOT)	noun
*k-watH	flower	花	239	FLOWER	noun
	wood	木	1803	WOOD	noun
*C-m-bak L	board	板子	1227	BOARD	noun
	stick	棍子	1295	STICK	noun
*C-gakL	branch	树枝	1531	BRANCH	noun
*C-gukL	tree bark	树皮	1204	BARK	noun
*can¹	unhulled rice	谷子（稻谷）	2749	UNHUSKED RICE	noun
*ʔ-ɡaw³/okH	rice (grains)	米	926	RICE	noun
*dza¹& *maŋ² & *haŋ²	cooked rice	饭	1191	COOKED RICE	noun
	glutinous rice	糯米	2750	GLUTINOUS RICE	noun
	rice seedling	秧苗	3767	RICE SEEDLING	noun
*pway²	rice hulls	稻壳	2501	RICE HUSK	noun
*pway²	chaff	谷壳	2363	CHAFF (HUSK)	noun
	fruit peel	果皮	2373	SKIN (OF FRUIT)	noun
	shell (egg, etc)	皮/壳(蛋)	598	SHELL	noun
*cu² & *g(y)oŋ³	thorn	刺儿	124	THORN	noun
	moss	苔(青苔)	637	MOSS	noun
*m-da¹ C-kra¹	fern	蕨草			
*m-di²	yeast	酵母	967	YEAST	noun
*C-kapL C-la¹	ashes	灰(草木灰)	646	ASH	noun
	body	身体	1480	BODY	noun
*u² & *ʔ-du² & *ʔ-koŋ²	head	头	1256	HEAD	noun
*(C)-nokL	brains	脑髓	1583	BRAIN	noun
	forehead	额头	123	FOREHEAD	noun
*ʔ-tsam¹ kriŋ¹	head hair	头发	2648	HAIR (HEAD)	noun
	braid	辫子	1043	BRAID	noun
*pyu²	face	脸	1560	FACE	noun
*pyu²	face	脸	1560	FACE	noun
	eyebrow	眉毛	1173	EYEBROW	noun
*(C)-myakH	eye	眼睛	1248	EYE	noun
	eyeball	眼球	1248	EYE	noun
	tears	眼泪	1651	TEAR (OF EYE)	noun
sna² kaŋ²	nose	鼻子	1221	NOSE	noun
ʔna² ʔbaŋ¹	ear	耳朵	1247	EAR	noun
*ba²	cheeks	颊	1730	CHEEK	noun
*(C)me²/mokL	mouth	嘴	674	MOUTH	noun
*(C)me²/mokL - re¹ & *C-ɡukL	lips	嘴唇	478	LIP	noun
*swa² & *ʔ-cway¹	teeth	牙齿	1380	TOOTH	noun
	front teeth	前牙	442	FRONT TOOTH (INCISOR)	noun
	back teeth	后牙	1049	MOLAR TOOTH	noun
*ʔ-ko³ & *diŋ²	gums	齿龈	139	GUMS	noun
*ʔ-l(y)a¹	tongue	舌头	1205	TONGUE	noun
*ʔ-tsitH	beard; mustache	胡子	678	BEARD	noun
*ʔ-pi¹ & *doŋ²	chin	下巴	1510	CHIN	noun
*liŋ¹/*ʔ-kroŋ²	neck	脖子	1333	NECK	noun
*ʔ-kroŋ² & *byiŋ²	throat	喉咙	1346	THROAT	noun
*p/ʔ-rum²	shoulder	肩膀	1482	SHOULDER	noun
	joint	关节	999	JOINT	noun
*lakL	hand/arm	手·胳臂	2121	ARM OR HAND	noun
	hand	手	1277	HAND	noun
	arm	手臂	1673	ARM	noun
*k-wa²	palm (of hand)	手掌	1183	PALM OF HAND	noun
*C-dzikL	wrist	手腕	799	WRIST	noun
*C-dzikL	elbow	肘	981	ELBOW	noun
*s-ɲo¹	finger	指/手指	1303	FINGER	noun
	index finger	食指	577	FOREFINGER	noun
	pinkie finger	小手指	2774	LITTLE FINGER	noun
*C-ma³	thumb	拇指	1781	THUMB	noun
*siŋ²	fingernail	指甲	1258	FINGERNAIL	noun
*daŋ¹/²	buttocks	屁股	834	BUTTOCKS	noun
	hip	臀部	1745	HIP	noun
*kre¹	foot/leg	脚·腿	2098	FOOT OR LEG	noun
	leg	腿	1297	LEG	noun
	foot	脚	1301	FOOT	noun
*(ʃ)-boŋ²	thigh	大腿	800	THIGH	noun
*bay¹	calf (of leg)	小腿	498	CALF OF LEG	noun
*taw(?) & *C-pay²/¹	sole (of foot)	脚底	2666	SOLE (FOOT)	noun
*ni²	heel	脚后跟	980	HEEL	noun
*kre¹ (C)-myakH	ankle (joint)	踝	803	ANKLE	noun
*du³	knee	膝/膝盖	1371	KNEE	noun
	toe	趾/脚趾	1389	TOE	noun
	big toe	大趾			
*koŋ²	chest	胸脯	1592	CHEST	noun
	back	脊背	1291	BACK	noun
*loŋ² & no³	breast	乳房	1402	BREAST	noun
*ʔ-ga³ & *li¹	armpit	腋下/腋窝	1886	ARMPIT	noun
*re¹ & *C-ɡukL	skin	皮肤	763	SKIN	noun
*ʃə-ro²	bone	骨头	1394	BONE	noun
	rib	肋骨	801	RIB	noun
*(ʃ)-wutL	stomach	胃	819	STOMACH	noun
*wam²	belly	肚子/腹部	1251	BELLY	noun
*(C-k)yakH& *ʔ-doŋ¹ & *Ck-ru²	navel	脐 (肚脐)	1838	NAVEL	noun
*gyaw²/apL	waist	腰	1681	WAIST	noun
*ʔ-bin¹	kidney	肾/腰子	489	KIDNEY	noun
*ʔu¹	intestines	肠子	1991	INTESTINES	noun
*ni³	heart	心	1223	HEART	noun
*(ʃ)-sin²	liver	肝	1224	LIVER	noun
*(ʃ)-papL tsi²/tsutH	lung	肺/肺脏	688	LUNG	noun
	bladder	膀胱	1746	BLADDER	noun
	gallbladder	胆/苦胆	3372	GALL BLADDER	noun
*C-ʔ-kre¹	bile	胆汁	1780	BILE	noun
*ʔ-krwe²	sweat	汗	2458	PERSPIRE OR SWEAT	other
*swe²	blood	血	946	BLOOD	noun
*s-napL	snot	鼻涕/粘液	208	NASAL MUCUS (SNOT)	noun
	phlegm	痰	3061	PHLEGM	noun
*kan²	saliva	口水	1503	SALIVA	noun
*co¹ & no³	milk	奶	635	MILK	noun
*k(l)e²	excrement	屎	675	FAECES (EXCREMENT)	noun
*m-ji² & ʃi²	urine	尿	1142	URINE	noun
*m-bliŋ¹	pus	脓	1808	PUS	noun
	sore (wound)	疮	51	SORE	noun
*ʔ-mwe³	body hair; feathers	毛(翎毛)	2381	FEATHER OR FUR OR HAIR	noun
*(n)-li²	penis	阴茎	1222	PENIS	noun
*batL	vulva	女阴	1837	VULVA	noun
	anus	肛门	1935	ANUS	noun
*(ʃ)-gru²	tendon	筋/腱	1137	TENDON	noun
*C-sakL	breath	呼吸	870	BREATH	noun
*ra²/roŋ¹	strength	力气	202	STRENGTH	noun
*tsaŋ¹	person	人	683	PERSON	noun
*ɡ-yokL	male	男人	1553	MALE	adjective
*C-mi²	female	女人	1551	FEMALE	adjective
*Ngwi	autonym	(自称)	3433	AUTONYM (OF PEOPLE)	noun
*hyakH, /hay²	Han Chinese	汉族	3373	HAN CHINESE	noun
	Yi/Lo	彝族			
	Bai	白族			
	Dai	傣族			
	child	儿童	2099	CHILD	noun
	elderly person	老人	725	OLD PERSON	noun
	older man	老男人	406	OLD MAN	noun
	older woman	老女人	907	OLD WOMAN	noun
	boy	青年男人	1366	BOY	noun
	girl	青年女人	1646	GIRL	noun
*kyaŋ²	friend	朋友	1325	FRIEND	noun
	enemy	敌人	1358	ENEMY	noun
	host	主人	1545	HOST	noun
	guest	客人	1782	GUEST	noun
	lame person	瘸子/跛子	2322	LAME PERSON	noun
	official	官	3361	OFFICIAL	noun
	high official	大官			
	low official	小官			
	emperor	皇帝	1508	KING	noun
*maw²	doctor	医生	597	PHYSICIAN	noun
*'iron beater' & [hlek˥]	blacksmith	铁匠/锻工	1001	BLACKSMITH	noun
*C-mak L	soldier	兵/士兵	1941	SOLDIER	noun
	bride	新娘	1266	BRIDE	noun
	groom	新郎	3282	GROOM	noun
*mum² co²	widow	寡妇	1756	WIDOW	noun
	widower	寡郎	1981	WIDOWER	noun
*C-jukL/u¹	blind (person)	盲; 瞎子	1653	BLIND	adjective
*baŋ¹	deaf (person)	聋(子)	996	DEAF	adjective
*ʔəpo²	father's father	爷爷	2560	PATERNAL GRANDFATHER	noun
*ʔəpi¹	father's mother	奶奶	3015	PATERNAL GRANDMOTHER	noun
	GP father	祖父	1383	GRANDFATHER	noun
	GP mother	祖母	1496	GRANDMOTHER	noun
*ʔəba²	father	父亲	1217	FATHER	noun
*ʔəC-ma³ & ʔəyan³	mother	母亲	1216	MOTHER	noun
	wife's father	岳父	1055	FATHER-IN-LAW	noun
	wife's mother	岳母	2257	MOTHER-IN-LAW (OF MAN)	noun
*ʔəwikL ɡo¹	older brother	哥哥	1759	OLDER BROTHER	noun
*ʔəwikL C-ma³ & ʔətsi³	older sister	姐姐	1758	OLDER SISTER	noun
*ʔəɲi¹	younger brother of a male	弟弟	2416	YOUNGER BROTHER (OF MAN)	noun
*ʔəs-nam¹/ɲi¹ma³	younger sister of a male	妹妹	2420	YOUNGER SISTER (OF MAN)	noun
	siblings	兄弟姐妹	1640	SIBLING	noun
	oldest sibling	老大			
*s-likL	second sibling	老二			
	third sibling	老三			
*m-laŋ/plaŋ¹	husband	丈夫	1200	HUSBAND	noun
*mi² ya²	wife	妻子	1199	WIFE	noun
*ʒa²	son	儿子	1620	SON	noun
*C-mi²	daughter	女儿 (姑娘)	1357	DAUGHTER	noun
*krwe²	daughter-in-law	儿媳 (媳妇)	1057	DAUGHTER-IN-LAW	noun
*ʒəmakL	son-in-law	女婿	1056	SON-IN-LAW	noun
*ʔəʃa²	brother's son	侄子	1063	NEPHEW	noun
*ʔəʃa²	brother's daughter	侄女	1642	NIECE	noun
*m-du¹	sis' child (Mvpt)	外甥/外甥女			
*m-du¹	sis' child (Mvpt)	外甥/外甥女			
*(m)-le²	son's son	孙子	2702	GRANDSON (SON'S SON)	noun
*(m)-le²	son's daughter	孙女	1619	GRANDDAUGHTER	noun
	ancestor	祖先	1669	ANCESTORS	noun
*ʔəu²	father's OB	伯父	2173	PATERNAL UNCLE (FATHER'S OLDER BROTHER)	noun
	father's BW	伯母	2170	PATERNAL AUNT (WIFE OF FATHER'S OLDER BROTHER)	noun
*ʔəkay²	father's OS	姑妈	3041	PATERNAL AUNT (FATHER'S OLDER SISTER)	noun
	father's YB	叔叔	2174	PATERNAL UNCLE (FATHER'S YOUNGER BROTHER)	noun
*ʔəri¹	mother's OB	舅舅	2692	MATERNAL UNCLE (MOTHER'S BROTHER)	noun
*ʔəC-me ¹/³	mother's OS	姨母	3042	MATERNAL AUNT (MOTHER'S OLDER SISTER)	noun
*ʔ-pa²	male suffix	公的			
*C-ma³	female suffix	母的			
	father+children (CLF)	三父子			
	mother+children (CLF)	三母子			
	grandfather+grandchildren (CLF)	三爷孙			
	grandmother+grandchildren (CLF)	三奶孙			
*yim¹	house	房子	1252	HOUSE	noun
	home	家	2406	HOME	noun
*pyoŋ¹	wall	墙壁	933	WALL (OF HOUSE)	noun
*koŋ¹	roof	房顶	769	ROOF	noun
*ŋwa¹pi²	tile (ceramic)	瓦片	3404	TILE	noun
	beam [main]	梁(主)	1132	BEAM	noun
*ʔ-cokH & *toŋ²	beam[small]	梁(小)	1132	BEAM	noun
*m-doŋ¹	post; pillar	柱子(大)	281	POST	noun
*ya¹/la¹ mikɲ/ko²	door	门	1567	DOOR	noun
*m-baŋ²	room	房间	1450	ROOM	noun
	fire-pit	火塘	185	FIREPLACE	noun
*swe² (k-)rutL	charcoal	木炭	1188	CHARCOAL	noun
*ʔ-dan³ C-mi¹	field; wet field	田 (稻田)	140	PADDY FIELD	noun
*r-ya¹	dry field	田 (旱田)	2794	FIELD (UPLAND)	noun
	garden	菜园	586	GARDEN	noun
	pen; fold	圈(牛圈)	851	STABLE	noun
*ʔ-gyi¹	granary	仓（装粮食的柜子）	3657	GRANARY	noun
	shrine; temple	庙	911	TEMPLE	noun
	tomb; grave	坟墓	1773	GRAVE	noun
	graveyard	墓地	3284	GRAVEYARD	noun
	head-wrap	头巾	3066	SCARF OR TURBAN	noun
	headdress	饰头巾	331	HEADDRESS	noun
*ʔ-tsi²	hat	帽子	771	HAT	noun
*k-waŋ²	earring	耳环	770	EARRING	noun
*(C)-ɡoŋ¹	bracelet	手镯	1754	BRACELET	noun
*ʔ-ban²	ring (for finger)	戒指	1374	RING	noun
	clothing	衣服	1895	CLOTHES	noun
	clothing	衣服	1895	CLOTHES	noun
	collar	衣领	2012	COLLAR	noun
	sleeve	袖子	2953	SLEEVE	noun
*C-dupL	button	钮扣	757	BUTTON	noun
	palm bark rain cape	蓑衣	3540	STRAW RAINCOAT	noun
*ʔ-/k-la²	pants	裤子	809	TROUSERS	noun
	belt	裤带	772	BELT	noun
*(ʔ)-napL	shoes	鞋	1381	SHOE	noun
*pa¹	cloth (fabric)	布	1616	CLOTH	noun
	baby sling	背兜			
*(C)-m-it/utL/H	shoulder bag	肩袋			
*[bo˧]	blanket; quilt	被子	806	BLANKET	noun
*m-gum²	pillow	枕头	1044	PILLOW	noun
*m-gu² & *ʔ-pu³	mat	(垫)席	195	MAT	noun
*s-mun¹ OR*ʔ-toŋ² & *tsum¹ & *ʔ-kri¹	rice powder	米粉	3285	RICE FLOUR	noun
*s-mun¹	flour	面粉	1594	FLOUR	noun
	porridge	粥	2049	CONGEE	noun
	oil	油	1484	OIL (ORGANIC SUBSTANCE)	noun
*tsi¹	lard	动物油	1282	FAT (FROM ANIMALS)	noun
*(t)sa²	salt	盐	1274	SALT	noun
*xa²	meat	肉	634	MEAT	noun
	soup	汤 (菜汤)	1547	SOUP	noun
nji¹	liquor	酒	842	LIQUOR	noun
*la¹	tea	茶 （茶水）	1373	TEA	noun
	sugar	糖	862	SUGAR	noun
	jaggery	红糖	862	SUGAR	noun
*s-lwa³	saw	锯子	1948	SAW	noun
*taŋ³ & *ʔ-mi(a)¹ *& ta²	knife	刀	1352	KNIFE	noun
	kitchen knife	菜刀	2772	KITCHEN KNIFE	noun
	pointed knife	尖刀			
*C-ɡapL	sickle	镰刀	341	SICKLE	noun
*ʔ-cin²	hatchet	斧头	677	AXE	noun
*ʔ-ɡukH	hoe (large)	锄头	284	HOE	noun
	plow	犁	2154	PLOUGH (INSTRUMENT)	noun
	yoke	牛轭	14	YOKE	noun
*C-m(y)u²/³ & *[cən]	thing	东西	738	THING	noun
*(g)-rak L	loom	织布机	1787	LOOM	noun
*g-rap L	needle	针	1382	NEEDLE (FOR SEWING)	noun
	awl	锥子	278	AWL	noun
ʔtsam¹	thread	线 (缝衣用的)	1161	THREAD	noun
	ball (of thread)	线球	1845	BALL	noun
	rope; string	绳子	362	STRING	noun
*ʔ-cakH	chain	链子	1627	CHAIN	noun
	whip (horse whip)	鞭子 (马鞭子)	2630	WHIP	noun
*ʔ-wa¹	winnowing basket	簸箕 (簸米用)	2051	DUSTPAN	noun
	bamboo sieve; sifter (fine)	筛子(细的)	3353	SIEVE (TOOL)	noun
	whetstone	磨刀石	295	WHETSTONE	noun
	millstone	石磨	2459	GRINDSTONE	noun
*C-tu¹ & *kaŋ¹	hammer	锤子	1481	HAMMER	noun
	chisel	凿子	1979	CHISEL	noun
	rice huller	碓	225	PESTLE	noun
	rice pounder	米臼			
	mortar	臼	224	MORTAR	noun
	pestle	杵	225	PESTLE	noun
*C-nakH tsipL/tse²	medicine; herbal medicine	药	1372	MEDICINE	noun
*C-krakL & *ka² + *m-gyapL	bamboo basket	箩筐 (背东西用)	3360	BAMBOO BASKET	noun
*sutH	broom	扫帚	245	BROOM	noun
*ʔo²	pot; pan; wok	锅 (炒菜的)	2056	WOK	noun
	tub; bucket	桶	2052	BUCKET	noun
	barrel, ceramic	土罐	2055	CLAY POT	noun
	barrel, ceramic	土罐	2055	CLAY POT	noun
	washbasin	盆	915	SINK (BASIN)	noun
	bag; sack	袋子	2468	BAG	noun
*gwi²	comb (regular)	梳子	1475	COMB	noun
	fine toothed comb	细密梳子			
	bowl	碗	1530	BOWL	noun
	small bowl	小碗	2053	SMALL BOWL	noun
	large bowl	大碗	3286	LARGE BOWL	noun
*d/ɡy/j/yu¹/³	chopsticks	筷子	1987	CHOPSTICKS	noun
	bed	床	1663	BED	noun
	bed	床	1663	BED	noun
*dzam³ & *m-gu¹/²	ladder	梯子	1464	LADDER	noun
	firewood	柴	10	FIREWOOD	noun
	manure; fertilizer	粪 (肥料)	2057	DUNG (ANIMAL FAECES)	noun
*ʔ-ga(ŋ)¹ OR ga¹ OR gra¹	road	路	667	ROAD	noun
*dzam¹	bridge	桥	1011	BRIDGE	noun
*je¹	market	街子(市场)	633	MARKET	noun
	money	钱	1559	MONEY	noun
	money	钱	1559	MONEY	noun
*po²	price	价钱 (价格)	657	PRICE	noun
	folksong	民歌／山歌	2059	FOLK SONG	noun
	song	歌	1096	SONG	noun
	story	故事	2060	STORY	noun
	word (written)	字	1599	WORD	noun
*daŋ² & *ka(ŋ )²	speech	话	1115	SPEECH	noun
	sound; voice	声音	1811	SOUND OR NOISE	noun
to²yim¹	book	书	963	BOOK	noun
*ʔ-m(y)iŋ¹	name	名字	1405	NAME	noun
*C-makH	dream	梦	2374	DREAM	noun
*ʃum¹	shadow	影子	1388	SHADE	noun
*re¹ sa¹	deity	神	3231	DEITY	noun
*re¹ sa¹	God	上帝	1944	GOD	noun
*ʔ-la¹	soul (1)	魂	811	SOUL	noun
*C-natL	spirit (evil)	鬼	1175	GHOST	noun
	boundary marker	边界记号			
*kram¹	fence	栅栏	1690	FENCE	noun
*[sənat˧]	gun	枪	1566	GUN	noun
*le²	bow	弓	994	BOW	noun
*C-mla²	arrow	箭	977	ARROW	noun
*C-can¹	arrow (head)	箭头	977	ARROW	noun
	cage (e.g., for ducks)	笼	3283	CAGE	noun
*tum/jum²	drum	鼓	908	DRUM	noun
*loŋ¹	gong	铜锣	2502	GONG	noun
*[mən]	town	城	1391	TOWN	noun
*kakH & *koŋ³& *kwa¹& *pu³	village	村(寨)	930	VILLAGE	noun
*[li]	custom	风俗	1747	CUSTOM	noun
	ritual tree	龙树			
*[ʃaŋ]	invocation	祈祷			
*m-ju¹	bell	铃	2246	BELL	noun
*C-ga² & *p-lwe¹; gru²lu²	flute	笛子	777	FLUTE	noun
*s-ɲaŋ²	gourd reed-organ	芦笙			
*ʔ-gu¹ & *C-ʃukL	pipe (yuantong)	烟筒	1124	PIPE	noun
*wa³ & *(C)-toŋ¹	trap	陷阱	1075	TRAP (PITFALL)	noun
*dokL	poison	毒药	655	POISON	noun
*C-ɲi¹ & *haŋ³	look at	看	1819	LOOK	verb
*mraŋ¹	see	看见	1409	SEE	verb
*səmraŋ¹	show	给看	1039	SHOW	verb
*ʔ-na¹	listen	听	1608	LISTEN	verb
*gra²	hear	听见	1408	HEAR	verb
*dza²	eat	吃	1336	EAT	verb
*sədza²	feed	喂（人、猪）	739	FEED	verb
*sə(m)-lyakL	feed animals	喂 (喂鸡)			
*m-daŋ¹	drink	喝	1401	DRINK	verb
*səm-daŋ¹	give to drink	给喝			
*C-tsatL & *C-kukL	bite	咬	1403	BITE	verb
*(g) wa² & *m-bay²	chew	嚼	321	CHEW	verb
*m-lyakL	lick	舔	319	LICK	verb
	savor	含	2190	TASTE	noun
	savor	含	2190	TASTE	noun
*myo(k)¹/Lʃ	swallow	咽	897	SWALLOW	verb
	spit	吐 (吐口水)	1440	SPIT	verb
*C-patL	vomit	呕吐	1278	VOMIT	verb
*C-cutL	suck	吸	1421	SUCK	verb
*s-mutH	blow (on)	吹 (吹火)	176	BLOW (WITH MOUTH)	verb
*ʔukH	say	说	1458	SAY	verb
*yaw³ & *dze²	speak	讲	1623	SPEAK	verb
	tell	告诉	1711	TELL	verb
*ku/kaw¹	call; be called	叫	180	CALL BY NAME	verb
	ask	问	1309	ASK (INQUIRE)	verb
	answer	答 (回答)	1275	ANSWER	verb
	send for; request	请	1828	ASK (REQUEST)	verb
	smell	闻 (嗅)	2124	SMELL	verb
*to²	touch; feel; stroke	摸 (摸摸刀口)	1892	TOUCH	verb
*yu¹	take	拿 (拿书)	1749	TAKE	verb
*na²	grasp; grip	握(握刀把)	2021	GRASP	verb
*s-mi¹	grab	抓住	855	SEIZE	verb
*C-xakL	pick (e.g., fruit)	摘 (摘果子)	2148	PICK	verb
	rub (with hands)	搓 (措绳子)	1449	RUB	verb
	rip; tear	撕	1735	TEAR (SHRED)	verb
*s-yökL	twist; wring	拧 (拧毛巾)	430	TWIST	verb
	pick up	拾 (拾起)	371	PICK UP	verb
*s-mi¹	catch; seize	捉 (捉鸡)	702	CATCH	verb
	scatter; sprinkle (e.g., seed)	撒 (撒种子)	2064	SCATTER (SEEDS)	verb
	throw away	丢掉	3696	THROW AWAY	verb
	pitch (throw from side way)	摔 (石头)	664	RESIN	noun
	toss (overhand)	投	1456	THROW	verb
*s-ŋakL	stretch; stretch out	伸 (伸手)	214	STRETCH	verb
*ʔ-di² & *ʔ-toŋ²	pound	舂/捣碎	354	POUND	verb
*kyi²	lift (over head)	举起	501	LIFT	verb
*tupH	fold	折	1470	FOLD	verb
*s-nitL & *C-ɲapL & *tsitH	squeeze	挤压/榨	1414	SQUEEZE	verb
*tsitH & *s-nitL & *C-ɲapL	pinch	捏	378	PINCH	verb
*(g)yitL	massage	按摩	3119	MASSAGE (SOMEBODY)	verb
*səkokL	bend	使弯曲	2224	BEND (SOMETHING)	verb
*m-gaŋ¹ & *cway²	pull a	拉	1455	PULL	verb
	push	推	1452	PUSH	verb
*tekH	kick	踢	1135	KICK	verb
	kneel	跪	66	KNEEL	verb
*(C)n/ʔ-mi¹	sit	坐	1416	SIT	verb
*bo² & *bakL	carry, on back	背 (背小孩)	465	CARRY ON BACK	verb
	carry,  in arms	抱 (抱小孩)	700	CARRY	verb
	carry, from hand	提	412	CARRY IN HAND	verb
	carry, mid pole	担	700	CARRY	verb
	fall	跌 (跌倒)	1280	FALL	verb
*s-new²/³/ekL	lean (against)	靠 (人靠在树上)	2219	LEAN (MEAT)	adjective
*C-yakL	spend night	过夜			
	rest	休息	168	REST	verb
*yipL	sleep	睡觉	1585	SLEEP	verb
*səyipL	put to sleep	使睡			
*(C)-no²	awake	醒 (睡醒)	825	AWAKE	adjective
*səno²	awaken	唤醒	825	AWAKE	adjective
	do (work)	做 (做工)	813	DO	verb
*mi(aw)² & *[kam]	labor; work	劳动	984	WORK (LABOUR)	noun
	to plow	犁 (犁地)	1921	PLOUGH	verb
*m-du²	dig (a hole)	挖 (挖洞)	1418	DIG	verb
	plant; grow	种	1486	PLANT (SOMETHING)	verb
	water	浇 (浇菜)	948	WATER	noun
*ʔ-dökH	slice; cut	切 (切菜)	1432	CUT	verb
*ʔ-brakH	slice; cut in half	切 (切苹果、西瓜)	2954	SLICE	noun
*ʔ-brakH	split; chop; cleave	劈 (劈木柴)	3151	CUT (WITH AXE)	noun
*m-cikH	chop (down)	砍 (砍树)	355	CUT DOWN	verb
*ritL	cut (reap)	割 (割稻)	1432	CUT	verb
*di¹/³	whittle	削	275	PEEL	verb
*m-gya/gay²	stab	刺	1434	STAB	verb
	pull up; pull out	拔 (拔草)	2325	PULL OUT	verb
*ʔ-lokᶫ	graze; herd (a flock)	放牧	3058	GRAZE	verb
*m-yu¹	raise animals	饲养			
	lead along	牵 (牵牛)	43	LEAD (GUIDE)	verb
*way¹	buy	买	1869	BUY	verb
*(k) -rwaŋ²	sell	卖	1571	SELL	verb
*(k)-raw¹	count (number)	数 (数东西)	1420	COUNT	verb
*s-ma²	teach	教	709	TEACH	verb
*[hen] & *m-dzaŋ¹	study	学	1929	STUDY	verb
*C-dzakH & *m-bi¹/² & ʔgyakL;	cook; boil	煮	1100	COOK (SOMETHING)	verb
*ʔ/g-raw¹	fry (stirfry)	炒	991	FRY	verb
*C-sakL	steam	蒸	1193	STEAM	noun
*m-gak L	hunt; go hunting	打猎	1435	HUNT	verb
*(ʔ)-kukL, *m-pökH	shoot (a gun)	射	1172	SHOOT	verb
	hit (a target)	中 (射中)	1433	HIT	verb
*C-satL	kill	杀 (杀鸡)	1417	KILL	verb
*ʃe²	die	死	1494	DIE	verb
*si²	sharpen (grinding)	磨 (磨刀)	251	SHARPEN (SOMETHING)	verb
*m-kritH	mill (grinding)	磨 (磨米)	636	MILL	noun
*ʔ-wa¹	winnow with a fan	簸 (簸米)	2462	WINNOWING	verb
	ladle out; spoon up	舀 (舀水)	2788	LADLE (WATER)	verb
*watL	wear; put on	穿 (衣服)	976	WEAR	verb
*ʔ-kupH	wear (hat); put on (hat)	戴 (帽子)	3428	WEAR (ON HEAD)	noun
*C-netL	wear (turban)	戴(头巾)	976	WEAR	verb
*m-dum¹	wear (upper clothes)	穿(上衣)	976	WEAR	verb
*səwatL	clothe	给穿			
	take off	脱 (脱衣服)	1755	UNDRESS	verb
	roll up	卷 (卷烟)	121	SPIN	verb
	shave	剃 (头)	231	SHAVE	verb
*ʔ-pi²	comb	梳 (梳头)	1475	COMB	noun
	dye	染 (染衣服)	157	DYE	verb
*gyupL & *dapL	sew	缝(缝衣服)	1457	SEW	verb
	mend; patch	补 (补衣服)	2243	REPAIR	verb
*rakL	weave	编织	133	WEAVE	verb
	plait; braid	编 (编辫子)	1729	PLAIT OR BRAID OR WEAVE	verb
	make the bed	铺 (铺床)	2071	LAY (VERB)	verb
*sutH	sweep	扫 (扫地)	230	SWEEP	verb
*pwaŋ³ & *bloŋ³	open	开 (开门)	1156	OPEN	verb
*hapH & *pi²	close	关	1046	SHUT	verb
	shut	闭 (闭眼)	1046	SHUT	verb
*ʔ-ta²	put down; put/place	放 (下) [放置]	998	PUT	verb
*k-lwatH	release; let go; set free	放 (把鸟放走)	1095	LET GO OR SET FREE	verb
*C-gyitL & *ʔ-kukL	hang	挂 (挂在墙上)	2884	HANG	verb
	tie into a bundle	捆(绑)	1917	TIE	verb
	tie into a bundle	捆(绑)	1917	TIE	verb
*pay¹	tie; bind	系	1094	FASTEN	verb
*pre¹	untie	解 (解绳结)	352	UNTIE	verb
*ʔ-kun³/²	load; pack (put in)	装 (装进袋里)	1679	LOAD	noun
*ʔ-dwakH/ökH	take out	拿出	3654	TAKE OUT	verb
*C-ɲapL  & *s-nitL & *tsitH	press; fill in; squeeze in; stuff	塞 (塞在洞口)	1913	PRESS	verb
*səm-du² from dig m-du²	bury; cover up	埋 (埋物)	1719	BURY	verb
*səwakL	hide (thing)	藏 (东西)	602	HIDE (CONCEAL)	verb
*wakL	hide (self)	藏/躲 (自己)	2485	HIDE (ONESELF)	verb
	choose	挑选	1750	CHOOSE	verb
*byum¹ & *pup/ukH	pile up; heap up	堆 (堆积泥土)	1576	PILE UP	verb
	nail	钉(钉钉子)	1896	FINGERNAIL OR TOENAIL	noun
	want	要 (我要这个)	1784	WANT	verb
*ra³	get; obtain;	得 (得到)	694	GET	verb
	receive	收 (收起来)	694	GET	verb
	lose	遗失	3072	MISPLACE	verb
*x-ra¹	seek (look for)	找/寻找	1468	LOOK FOR	verb
*ʒum² & *nay³ (<#850)	use	用 (使用)	2072	USE (VERB)	verb
*m-gre² & *ʔ-ga³	play	玩	1413	PLAY	verb
	win	赢	866	WIN	verb
*mi¹/ga³	sing	唱（歌）	1261	SING	verb
*ga³ g/k(r)un¹/utH	dance	跳舞	1879	DANCE	verb
*kye²	borrow (money)	借 (借钱)	1823	BORROW	verb
*s-ŋa²	borrow (thing)	借(借东西）	1823	BORROW	verb
*C-kokL	give back; return; repay	还 (还钱)	85	GIVE BACK	verb
	owe	欠	369	OWE	verb
	compensate for; reimburse	赔偿			
*C-po³	send-off; deliver	送	2033	DELIVER	verb
*C-lo³	wait; await; expect	等(候)	1590	WAIT (FOR)	verb
*dzo¹/² & *C-doŋ² & *[phum]	meet; come across	遇见	1831	MEET	verb
	marry a husband	嫁	2163	MARRY (AS WOMAN)	verb
	marry a wife	娶	2164	MARRY (AS MAN)	verb
	scold; curse	骂	299	SCOLD	verb
	fight	打架	1423	FIGHT	verb
*m-tokH & *m-di²	hit; beat	打 (打人)	1433	HIT	verb
	rob; loot	抢	2073	ROB (VERB)	verb
*ko²	steal	偷	713	STEAL	verb
	cheat	骗	3055	SWINDLE	verb
*gra³	help	帮助	1897	HELP	verb
*səC-na¹	cure; treat; heal	医治	499	CURE	verb
*bay¹ & *C-klay¹/³	divide; separate; distribute	分	1119	DIVIDE	verb
*ray¹	laugh	笑	1355	LAUGH	verb
*ŋo¹	cry	哭	1839	CRY	verb
*[hak]	love	爱 (爱小孩)	923	LOVE	verb
	like; enjoy	喜欢 (喜欢唱歌)	1117	LIKE	verb
*si²	know; understand	懂; 知道	1410	KNOW (SOMETHING)	verb
	remember	记得	707	REMEMBER	verb
*ʔ-me³	forget	忘记	1523	FORGET	verb
*m-daŋ²	think	思考	2271	THINK	verb
*ʔ-(d)zupH	be angry	生气	2223	BE ANGRY	verb
	hate	恨	1607	HATE	verb
*(sə)-grokH	fear	怕	1419	FEAR (BE AFRAID)	verb
	have courage	敢	1779	DARE	verb
*ʔ-putL & *ɲa³	can (well)	会 (会做)	972	BE ABLE	verb
*ya³/¹	affirmative	是 (这是什么)	1268	YES	other
	is not	不是(这不是我的)	1269	NO	other
*jaŋ¹	have	有	773	HAVE	verb
	not have; lack; without	没有(我没有书)	3363	NOT HAVE	verb
*m-ju/oŋ² & *du²	walk	走	1443	WALK	verb
*p-re²	run	跑	1519	RUN	verb
*ʔ-dakH	ascend	上 (上山)	705	GO UP (ASCEND)	verb
*ʒakL	descend	下 (下山)	2014	GO DOWN (DESCEND)	verb
*la¹ & *li³	come	来	1446	COME	verb
*la¹	come up	上来			
*li³	come down	下来			
*x-ra¹	go	去	695	GO	verb
*le³	go up	上去	705	GO UP (ASCEND)	verb
*ay¹	go down	下去	2014	GO DOWN (DESCEND)	verb
	climb	爬(上)	1102	CLIMB	verb
*gokL	return	回	581	COME BACK	verb
*(k)-rokH/L	arrive	到	1387	ARRIVE	verb
	cross (over)	过 (过河)	574	TRANSIT	verb
	go through	经过	1742	TRAVERSE	verb
*ʔ-dwakH/ökH	exit (come out)	出 (出去)	1107	GO OUT	verb
*waŋ¹ & *luk/apL	enter	进 (进来)	749	ENTER	verb
	move back	退	421	RETREAT	verb
*paw¹	flee; escape	逃	956	FLEE	verb
	chase	追 (追上)	1047	PURSUE	verb
	step on	踩	575	TREAD	verb
*ʔ-bokH	jump; leap	跳	1829	JUMP	verb
	stride	跨 (跨小沟)			
*dzi²	ride; ride on	骑 (骑马)	367	RIDE	verb
*C-plekL	EXIST; to be	在; 有	1579	BE	verb
	dry (in the sun)	晒 (晒太阳)	1786	DRY UP	verb
	rain (V)	下雨	1253	RAIN (RAINING)	verb
	(of the wind) blow	刮风	175	BLOW (OF WIND)	verb
*sədukL	light (on fire)	点 (点火)	737	LIGHT (IGNITE)	verb
*dukL	burn	焚 (烧)	2102	BURN	verb
	burn up	烧掉			
*putH & cit/etH	roast (in fire)	烧(火里)	1962	ROAST (SOMETHING)	verb
*ʔ-gaŋ¹	roast (over fire)	烤(火上)	1962	ROAST (SOMETHING)	verb
*(C)-ʃukH/L	smoke	冒烟	778	SMOKE (EXHAUST)	noun
	explode	爆炸			
	flow	流 (水流)	2003	FLOW	verb
*xwan² & *xwatH	overflow; spill	溢	3130	SPILL (SOMETHING)	verb
	float	浮 (浮在水面)	1574	FLOAT	verb
	crack open; split open	裂开 (墙裂开)	3080	SPLIT OPEN	verb
	collapse; topple down	倒塌	1280	FALL	verb
	be short of; lack	缺 (碗缺了一个口)	2329	LACK (NOT HAVE)	verb
*(C)-lim³	roll	滚 (石头滚)	827	ROLL	verb
*g-waŋ¹	revolve; rotate; spin	旋转	121	SPIN	verb
*(sə)-gla³ & *(ʔ)-tse¹	fall; drop	掉 (掉在地下)	1280	FALL	verb
	snap in two (rope, string)	断 (绳子断了)	362	STRING	noun
*citH	break	破 (罐子破了)	680	BREAK (DESTROY OR GET DESTROYED)	verb
	leak	漏 (水桶漏水)	2253	DRIP (EMIT LIQUID)	verb
*C-dzakH & *m-bi¹/² & ʔgyakL;	boil	沸	2493	BOIL	verb
	change	变 (蛹变蛾)	1264	CHANGE	verb
baw³ be born	birth	生 (生孩子)	2805	BIRTH (ACCOUCHEMENT)	noun
	grow	长 (长大)	479	GROW	verb
	tremble; shiver	发抖	52	SHIVER	verb
*C-pwam²/apL & *sə-roŋ²	swell	肿	1573	SWELL	verb
*(b)-yam¹	fly (v.)	飞	1441	FLY (MOVE THROUGH AIR)	verb
*h/loŋ¹	bark	吠 (狗叫)fei	1204	BARK	noun
	call; crow (of animals)	啼 (公鸡啼)	2074	CROW (VERB)	verb
	lay (an egg)	生 (生蛋)	2464	LAY EGGS	verb
	brood, incubate	孵	2075	BROOD (VERB)	verb
	germinate, sprout, bud	发(芽)	2076	SPROUT (VERB)	verb
	bloom; blossom	开(花)	3287	BLOOM	verb
	bear fruit	结(果)	3054	BEAR FRUIT	verb
*m-bupL	rot (fruit)	腐烂	569	SPOIL (BECOME SPOILED)	verb
*ʔ-ta²	begin; start	开始	3447	BEGIN OR START	verb
*tso³/upH & *m-jay²	stop	停	2880	HALT (STOP)	verb
*[lə]	remain	留下	987	REMAIN	verb
*m-bupL	write	写	1672	WRITE	verb
tse²	wash (self)	洗(手)	3371	WASH (ONESELF)	verb
	get up	起来	1602	WAKE UP	verb
*k-lupH	shake	摇动	1909	SHAKE	verb
	sink	沉 (下)	1088	SINK (DESCEND)	verb
*bran¹	finish	完成	1766	FINISH	verb
*be²	give; BEN	给	1447	GIVE	verb
*pyakH	destroy	破坏	681	DESTROY	verb
	draw water (well)	吊（水）	1911	DRAW (WATER)	verb
	drain, to	排（水）	2754	TOWARDS	other
*ʔ-tu/oŋ¹; *ʔ-ryapL	be standing	站 (站位)	1442	STAND	verb
	skin (animal), to	剥皮	291	PULL OFF (SKIN)	verb
	peel (eggs, fruit)	剥	275	PEEL	verb
*C-mya²	clear field	除田			
*C-mrukL	weed	除草	3288	WEED	noun
*m-kokH	stir	搅拌	696	STIR	verb
*tsin¹	weigh	称	1098	WEIGH	verb
	soak; pickle	泡	2069	SOAK (VERB)	verb
	drown	淹死/溺死	1904	DROWN	verb
	accompany someone	陪	1542	ACCOMPANY	verb
*[lɔj]	swim	游泳	1439	SWIM	verb
	drill (a hole)	钻 (钻孔)	1501	BORE	verb
	insert	插	3071	INSERT	verb
	drive out	赶 (驱逐)			
*s-we² & *gwe³ (dry)	wither	枯（树叶枯）	2907	ROT	verb
*tso² & *ʔ-kyaŋ²	cough	咳嗽	879	COUGH	verb
*ha²/³ mi¹	yawn	打呵欠	1028	YAWN	verb
*ha¹ kye²	sneeze	打喷嚏	1621	SNEEZE	verb
*ʔutH	hiccup	打嗝	162	HICCOUGH	verb
*utL/an¹	belch	打饱嗝	2245	BELCH	verb
*p(y)aw² & *dekL	fart	放屁	1159	FART	verb
*ʔ-ko²	defecate	解大便	676	SHIT (DEFECATE)	verb
*ʃi²	urinate	解小便	592	PISS	verb
*m-krakH ~ m-prakH	scratch	挠/搔	1436	SCRATCH	verb
*c/jya² & ni²	live	活	1422	BE ALIVE	verb
*ʔ-pa¹	exchange	交换	2509	EXCHANGE	verb
*m-krapH & *ʔ-m-coŋ³ & *toŋ¹	butt	(用头)碰撞	834	BUTTOCKS	noun
*plu¹	white	白	1335	WHITE	adjective
*C-nakH	black	黑	163	BLACK	adjective
*ʔ-ni¹	red	红	156	RED	adjective
*s-rwe¹	yellow	黄	1424	YELLOW	adjective
*bra¹ & *[lan]	blue	蓝	837	BLUE	adjective
*ʔ-ɲo¹	green	绿	1425	GREEN	adjective
*pe¹	grey	灰色	153	GREY	adjective
	sharp (point)	尖 (笔嘴很尖)	372	POINTED	adjective
*takH	sharp (blade)	快 (刀快)	1396	SHARP	adjective
*dum²	dull	钝 (刀钝)	379	BLUNT	adjective
*woŋ²	round	圆 (球很圆)	1395	ROUND	adjective
*ʔ-bra²	flat	平 (路很平)	1633	FLAT	adjective
	steep	陡 (山很陡)	2717	STEEP	adjective
	situated straight	正 (帽子戴得正)	1725	CORRECT (RIGHT)	adjective
	situated crooked	歪 (帽子戴歪了)	3075	SLANTED	adjective
*(C)-dwaŋ¹ & *te²	straight	直 (棍子很直)	1404	STRAIGHT	adjective
*gokL	crooked; bent	弯 (棍子弯)	297	CROOKED	adjective
	thick; dense	稠 (粥很稠)	2239	DENSE	adjective
	thin; watery; sparse	稀 (粥很稀)	3545	WATERY	adjective
*krokH & *[kɛŋ] & *[hɛ˧]	hard	硬	1884	HARD	adjective
*C-nu²	soft	软	1856	SOFT	adjective
*m-ba³	bright; light	亮 (房子很亮)	679	BRIGHT	adjective
	dim; dark	暗 (房子很暗)	706	DARK	adjective
	clear (sky)	晴	2340	SUNNY	adjective
	overcast	阴	2341	CLOUDY	adjective
*m-bliŋ³	full	满	1429	FULL	adjective
	beautiful	美丽 {漂亮}	1427	BEAUTIFUL	adjective
	ugly	丑	1548	UGLY	adjective
*tsu¹	fat (person)	胖	1279	FAT (OBESE)	adjective
*tsi¹	fat; fatty (meat)	肥 (肉肥)	2449	FAT (OF MEAT AND FOOD)	adjective
	lean	瘦 (瘦肉)	2219	LEAN (MEAT)	adjective
	lean	瘦 (瘦肉)	2219	LEAN (MEAT)	adjective
	skinny; thin	瘦 (人瘦)	1400	THIN (SLIM)	adjective
	clean	干净	704	CLEAN	adjective
*kre² & *kyitH & *(C)cakH/L	dirty	脏	1230	DIRTY	adjective
*maŋ²	old (person)	老 (老人)	2112	OLD (AGED)	other
*nay²/¹	young	年轻	1207	YOUNG	adjective
*ʔ-min¹/²/³   & *m-d(y)akL	good	好 (东西好)	1035	GOOD	adjective
*pyakH > destroy	bad	坏 (人坏)	1292	BAD	adjective
*m-gi¹ & *[waj]	fast	快 (走得快)	1631	FAST	adjective
	slow	慢 (走得慢)	701	SLOW	adjective
*(s)-ɲakH/L & *ʔjwap/atH	wet	湿 (衣服湿)	1726	WET	adjective
*s-we² & *gwe³	dry	干 (衣服干)	1398	DRY	adjective
*C-ʃikL	new	新	1231	NEW	adjective
*ʔ-bi² & *ʔ-li¹	old	旧	1229	OLD	adjective
	raw; unripe	生 (生肉)	1959	RAW	adjective
*s-miŋ³	cooked; ripe	熟 (熟肉)	269	COOKED	adjective
	early	早 (来得早)	672	EARLY	adjective
*(k)-l(y)ay³	late	迟 (来迟了)	477	LATE	other
*sa¹	easy	容易	686	EASY	adjective
*kakH & *ʔ/s-ra²	difficult	难	584	DIFFICULT	adjective
*ʔ-loŋ¹ & *tsa¹	hot (temp.)	热	1286	HOT	adjective
*C-grakH	cold (weather)	冷	2483	COLD (OF WEATHER)	adjective
*lum¹	warm	暖和	1232	WARM	adjective
*(C)-m-gaŋ¹ &    *C-cokL	cool	凉快	2483	COLD (OF WEATHER)	adjective
*ʔ-kyin¹	sour	酸	1906	SOUR	adjective
*kyo¹	sweet	甜	717	SWEET	adjective
*ka²	bitter	苦	887	BITTER	adjective
*pi¹	hot (spicy)	辣	544	SPICY	adjective
	salty	咸	1091	SALTY	adjective
*may¹	delicious	好吃	1813	TASTY	adjective
	insipid	没味道	1771	TASTELESS	adjective
*[hɔm]	fragrant	香 (花香)	376	FRAGRANT	adjective
*ʔ-nam²	stinky	臭	42	STINKING	adjective
	fishy (smell)	腥 (鱼腥)			
*m-bupL & *ʔ-kri²	rotten	腐烂的	1728	ROTTEN	adjective
	full (stomach)	饱	106	SATIATED	adjective
*C-mwatL	hungry	饿	1533	BE HUNGRY	verb
*C-sipL	thirsty	渴	847	THIRSTY	adjective
*[hə]	tired	累 (疲乏/疲劳/疲倦)	1757	TIRED	adjective
*byaw¹/²	blessed; happy	幸福 (日子好过)	2529	BLESSED	noun
*ʔ/s-ra²	sad	忧愁	699	SAD	adjective
*s-rakL & *ʔ-daŋ¹	ashamed	惭愧/害羞	1894	ASHAMED	adjective
*s-rakL & *ʔ-daŋ¹	ashamed	惭愧/害羞	1894	ASHAMED	adjective
*g-ya² & *m-tsikH	itchy; ticklish	痒	149	ITCHY	adjective
*C-na¹	sick	病 (生病)	1847	SICK	adjective
	intelligent; clever	聪明	1310	CLEVER	adjective
	proud	骄傲	174	PROUD	adjective
	stupid	愚蠢	1518	STUPID	adjective
*ru² & *ʔ-butH	crazy	疯狂	1899	MAD	adjective
	diligent	勤(勤奋)	2077	DILIGENT	adjective
	busy	忙	2755	BUSY	adjective
	capable	能干(的)			
*m-byaŋ¹/²/³	lazy	懒	1564	LAZY	adjective
	rich	富	712	RICH	adjective
	poor	穷	1674	POOR	adjective
*datL	alive	活着	1422	BE ALIVE	verb
*[hak˥]	brave	勇敢	3	BRAVE	adjective
*yetL	drunk	醉	1463	DRUNK	adjective
	backwards	落后	2911	BACKWARD	other
*[pəŋ˩]	different	不同	2504	DIFFERENT	adjective
*du¹	same	一样 (相同)	200	SAME	other
	sticky	粘	3703	STICKY	adjective
	slick	(光)滑	3702	SLIPPERY	adjective
	tight	紧 (绑的紧)	3053	TIGHT	adjective
	loose	松 (绑的松)	2506	LOOSE	adjective
*kakH(oŋ¹) & *[pɛŋ˥]	expensive	贵	1426	EXPENSIVE	adjective
	cheap	便宜	1887	CHEAP	adjective
*C-t(s)a(w)¹/²	correct	正确	1725	CORRECT (RIGHT)	adjective
*lokL	enough	足够	1881	ENOUGH	other
*we²	FAR	远	1406	FAR	adjective
*b-ni²	NEAR	近	1942	NEAR	adjective
*(ʔ)-mroŋ³	HIGH	高	1265	HIGH	adjective
*ʔ-n-yim³	LOW	低	721	LOW	adjective
*s/m-riŋ¹	LONG (distance)	长	1203	LONG	adjective
*ʔ/s-n-yum¹	SHORT	短	1645	SHORT	adjective
*[laj]/C-mya²	MANY	多	1198	MANY	other
*nay²	FEW	少	1242	FEW	other
*glay¹	WIDE	宽	1243	WIDE	adjective
*ʔ-nakL	NARROW	窄	1267	NARROW	adjective
*k/ʔ-ri²/	BIG	大	1202	BIG	adjective
*n-yay¹	LITTLE	小	1246	SMALL	adjective
*ʔ-nakL	DEEP	深 (水深)	1593	DEEP	adjective
*tim²	SHALLOW	浅 (水浅)	193	SHALLOW	adjective
*laŋ¹	LIGHT	轻	1052	LIGHT (WEIGHT)	adjective
*C-li²	HEAVY	重	1210	HEAVY	adjective
*tu¹	THICK (2d)	厚	1244	THICK	adjective
*ba² & *C-jokL	THIN (2d)	薄	2249	THIN (OF SHAPE OF OBJECT)	adjective
	THICK (3d)	粗 (粗大)	2151	COARSE	adjective
	THIN (3d)	细 (细小)	2308	THIN	adjective
*a, *ka¹-X³³dʐu⁵⁵	HOW FAR?	有多远？			
*a, *ka¹-X dʐu⁵⁵	HOW HIGH?	有多高？			
*a, *ka¹-X dʐu⁵⁵	HOW LONG?	有多长？	2338	HOW LONG	other
*a, *ka¹-X dʐu⁵⁵	HOW WIDE?	有多宽？			
*a, *ka¹-X³³dʐu⁵⁵	HOW BIG?	有多大？			
*a, *ka¹-X³³dʐu⁵⁵	HOW DEEP?	有多深？			
*a, *ka¹-X³³dʐu⁵⁵	HOW HEAVY?	有多重？			
*ti²	one	一	1493	ONE	numeral
*s-ni(k)²/L	two	二	1498	TWO	numeral
*C-sum²	three	三	492	THREE	numeral
*b-le²	four	四	1500	FOUR	numeral
*ŋa²	five	五	493	FIVE	numeral
*C-krokL	six	六	1703	SIX	numeral
*C-ʃi(k)²/L	seven	七	1704	SEVEN	numeral
*C-yetL	eight	八	1705	EIGHT	numeral
*go²	nine	九	1483	NINE	numeral
*tsay¹	ten	十	1515	TEN	numeral
*tsay¹di²	eleven	十一	1706	ELEVEN	numeral
*tsay¹di²	eleven	十一	1706	ELEVEN	numeral
	twelve	十二	1707	TWELVE	numeral
	twelve	十二	1707	TWELVE	numeral
s-ni² ʔtsay¹	twenty	二十	1710	TWENTY	numeral
	twentyone	二十一	1734	TWENTY ONE	numeral
*C-ra¹	hundred	百	1634	HUNDRED	numeral
*ʔ-toŋ¹	thousand	千	1843	THOUSAND	numeral
*[khwɛ] & *pakH	half	半 (一半)	816	HALF	noun
	bowlful (MW)	碗	1530	BOWL	noun
	arm spread (2 arms)	庹(两臂伸直）pai			
	span (hand-width)	柞 (拇指-中指)			
	CLF.times	次			
*C-ŋa¹	1S	我	1209	I	other
*C-ŋa¹ ʔ-way²/³	1PL	我们	1212	WE	other
*ni¹ ʔ-way²/³	1PL (inclusive)	咱们	1131	WE (INCLUSIVE)	other
*naŋ¹	2S	你	1215	THOU	other
*naŋ¹ ʔ-way²/³	2PL	你们	1213	YOU	other
*ʒaŋ²	3S	他	262	HE OR SHE OR IT	other
*ʒaŋ² ʔ-way²/³	3PL	他们	817	THEY	other
*su¹	3SR (another)	其他人／别人			
	self	自己	1993	SELF	other
	another (thing)	另外	197	OTHER	other
*way³/²	POSS	的			
*ti¹/ci¹	this (1)	这 (个)	1214	THIS	other
*ti¹/ci¹	this (1)	这 (个)	1214	THIS	other
	this kind	这种			
	here (1)	这里	136	HERE	other
	that one	那个	78	THAT	other
*ʔ-nam¹/²	that (higher)	那 (上位)	78	THAT	other
*man²	that (lower)	那 (下位)	78	THAT	other
*jam¹/²	that (far)	那 (远位)	78	THAT	other
	there	那里	1937	THERE	other
*ʔ-ru² s-re³	in front	前面	1883	IN FRONT OF	other
*m-ba¹ & ʔ-ni¹	on the other side	对面	885	OPPOSITE	adjective
*C-ka² ~ C-kokL ʔ-nokL	behind	后面	1686	BEHIND	other
*C-kra¹	between	中间	689	BETWEEN	other
*b-way² & C-may²	left	左边	244	LEFT	adjective
s-ya¹/ŋma¹	right	右边	1019	RIGHT	adjective
	beside	旁边	1816	BESIDE	other
*pa²	side	边	682	SIDE	noun
*takH	upon	上面	1753	TOP	noun
*ʔokH/ok L	beneath	下面	1485	BELOW OR UNDER	other
*klo¹	inside	里面	1606	INSIDE	other
	outside	外面	762	OUTSIDE	other
	everywhere	到处	2999	EVERYWHERE	other
*ʔəsu¹	who?	谁?	1235	WHO	other
*ʔəje² & *ʔəpa¹ & *ʔətapL	what?	什么?	1236	WHAT	other
*ʔəlam³	where?	哪里?	1237	WHERE	other
	why?	为什么?	1270	WHY	other
	which (one)?	哪 (一个)?	727	WHICH	other
{'ADV/RELQ+choose' cf. 811}	how?	怎么?	1239	HOW	other
*ʔəC-mya¹	how much?	多少?	531	HOW MUCH	other
*m-butL& ʔəmay¹	now	现在	1376	NOW	other
	just now	刚才	84	JUST	other
	before (sequential)	先 (先去)	1882	BEFORE	other
	after	后 (后去)	1685	AFTER	other
	before (temporal)	以前	1882	BEFORE	other
	formerly	从前	2914	ONCE (IN THE PAST)	other
	already	已经	2576	ALREADY	other
	immediately	立刻	1963	IMMEDIATELY	other
	frequently	常常 (常常来)	1852	OFTEN	other
*ya³/yakL	slowly	慢慢 (慢慢走)	2165	SLOWLY	other
*mran¹ & *[hak˥]	quickly	快快 (快快走)	1631	FAST	adjective
	very	很 (很漂亮)	1311	VERY	other
	most	最 (最大)	1198	MANY	other
	all	都 (大家都来)	98	ALL	other
*m-gu³	again	再 (明天再来)	204	AGAIN	other
*m-day¹	really; certainly	一定 (我一定去)	509	CERTAIN	adjective
*ma²	not (NEG)	不 (他不来)	1240	NOT	other
*ta²	don't	别 (别去)	813	DO	verb
*m-dakL	each other	互相			
